{
  "per_factor": {
    "shape": {
      "localized": {
        "G_target": 0.005600035190582275,
        "leak": 0.9537179470062256,
        "LA_score": 0.0058375171070839315,
        "before_adapt_stats": {
          "shape_acc": 0.9943999648094177,
          "shape_ce": 0.015082397498190403,
          "cont_mse": 0.2721949517726898,
          "cont_mse_per_dim": [
            0.004775772802531719,
            1.0755447149276733,
            0.003876455593854189,
            0.004583008587360382
          ]
        },
        "after_adapt_stats": {
          "shape_acc": 1.0,
          "shape_ce": 7.15255632499634e-11,
          "cont_mse": 0.9813299775123596,
          "cont_mse_per_dim": [
            0.46191683411598206,
            3.1960220336914062,
            0.04160013794898987,
            0.22578078508377075
          ]
        },
        "before_base_stats": {
          "shape_acc": 0.9975999593734741,
          "shape_ce": 0.007593116723001003,
          "cont_mse": 0.6216517686843872,
          "cont_mse_per_dim": [
            0.003975335042923689,
            2.4749693870544434,
            0.0037140860222280025,
            0.003948411904275417
          ]
        },
        "after_base_stats": {
          "shape_acc": 0.3360999822616577,
          "shape_ce": 22.468029022216797,
          "cont_mse": 1.5753697156906128,
          "cont_mse_per_dim": [
            0.6990624070167542,
            5.249955654144287,
            0.058316055685281754,
            0.29414495825767517
          ]
        }
      },
      "unconstrained": {
        "G_target": 0.005600035190582275,
        "leak": 1.3214819431304932,
        "LA_score": 0.004219811013837223,
        "before_adapt_stats": {
          "shape_acc": 0.9943999648094177,
          "shape_ce": 0.015082397498190403,
          "cont_mse": 0.2721949517726898,
          "cont_mse_per_dim": [
            0.004775772802531719,
            1.0755447149276733,
            0.003876455593854189,
            0.004583008587360382
          ]
        },
        "after_adapt_stats": {
          "shape_acc": 1.0,
          "shape_ce": 0.0,
          "cont_mse": 1.33950936794281,
          "cont_mse_per_dim": [
            0.5019242167472839,
            4.589276313781738,
            0.07565052062273026,
            0.1911860853433609
          ]
        },
        "before_base_stats": {
          "shape_acc": 0.9975999593734741,
          "shape_ce": 0.007593116723001003,
          "cont_mse": 0.6216517686843872,
          "cont_mse_per_dim": [
            0.003975335042923689,
            2.4749693870544434,
            0.0037140860222280025,
            0.003948411904275417
          ]
        },
        "after_base_stats": {
          "shape_acc": 0.3346000015735626,
          "shape_ce": 24.418615341186523,
          "cont_mse": 1.9431337118148804,
          "cont_mse_per_dim": [
            0.7718627452850342,
            6.648454666137695,
            0.10402888059616089,
            0.24818837642669678
          ]
        }
      }
    },
    "scale": {
      "localized": {
        "G_target": 0.004259929177351296,
        "leak": 0.6368923506233841,
        "LA_score": 0.006644176812774458,
        "before_adapt_stats": {
          "shape_acc": 0.9989999532699585,
          "shape_ce": 0.0029552672058343887,
          "cont_mse": 0.6062402129173279,
          "cont_mse_per_dim": [
            0.005257241893559694,
            2.4109601974487305,
            0.004312131553888321,
            0.004431440494954586
          ]
        },
        "after_adapt_stats": {
          "shape_acc": 0.7888999581336975,
          "shape_ce": 1.9431599378585815,
          "cont_mse": 0.9067925810813904,
          "cont_mse_per_dim": [
            0.0009973127162083983,
            3.5701029300689697,
            0.03307396173477173,
            0.0229958388954401
          ]
        },
        "before_base_stats": {
          "shape_acc": 0.9976999759674072,
          "shape_ce": 0.007415513042360544,
          "cont_mse": 0.628344714641571,
          "cont_mse_per_dim": [
            0.003916991874575615,
            2.501861333847046,
            0.0036984721664339304,
            0.0039020301774144173
          ]
        },
        "after_base_stats": {
          "shape_acc": 0.7809000015258789,
          "shape_ce": 1.4283576011657715,
          "cont_mse": 0.9433497786521912,
          "cont_mse_per_dim": [
            0.003659740323200822,
            3.709219455718994,
            0.035032324492931366,
            0.025487184524536133
          ]
        }
      },
      "unconstrained": {
        "G_target": 0.004174629459157586,
        "leak": 0.8061009511196365,
        "LA_score": 0.0051521106000189075,
        "before_adapt_stats": {
          "shape_acc": 0.9989999532699585,
          "shape_ce": 0.0029552672058343887,
          "cont_mse": 0.6062402129173279,
          "cont_mse_per_dim": [
            0.005257241893559694,
            2.4109601974487305,
            0.004312131553888321,
            0.004431440494954586
          ]
        },
        "after_adapt_stats": {
          "shape_acc": 0.7621999979019165,
          "shape_ce": 2.1798555850982666,
          "cont_mse": 0.9850912690162659,
          "cont_mse_per_dim": [
            0.0010826124344021082,
            3.873242139816284,
            0.040465399622917175,
            0.025575056672096252
          ]
        },
        "before_base_stats": {
          "shape_acc": 0.9976999759674072,
          "shape_ce": 0.007415513042360544,
          "cont_mse": 0.628344714641571,
          "cont_mse_per_dim": [
            0.003916991874575615,
            2.501861333847046,
            0.0036984721664339304,
            0.0039020301774144173
          ]
        },
        "after_base_stats": {
          "shape_acc": 0.7484999895095825,
          "shape_ce": 1.6769077777862549,
          "cont_mse": 1.0460622310638428,
          "cont_mse_per_dim": [
            0.004084344953298569,
            4.105497360229492,
            0.04371028393507004,
            0.030957086011767387
          ]
        }
      }
    },
    "rot": {
      "localized": {
        "G_target": 2.185910612344742,
        "leak": 0.13572735727454224,
        "LA_score": 0.941538100054342,
        "before_adapt_stats": {
          "shape_acc": 0.9977999925613403,
          "shape_ce": 0.00676886597648263,
          "cont_mse": 0.6566385626792908,
          "cont_mse_per_dim": [
            0.0038778132293373346,
            2.614989757537842,
            0.003723786910995841,
            0.003962605260312557
          ]
        },
        "after_adapt_stats": {
          "shape_acc": 0.8809999823570251,
          "shape_ce": 0.5616755485534668,
          "cont_mse": 0.12624067068099976,
          "cont_mse_per_dim": [
            0.017525194212794304,
            0.4290791451931,
            0.027109898626804352,
            0.031248437240719795
          ]
        },
        "before_base_stats": {
          "shape_acc": 0.9975000023841858,
          "shape_ce": 0.006738934200257063,
          "cont_mse": 0.6309372186660767,
          "cont_mse_per_dim": [
            0.003958594985306263,
            2.5122413635253906,
            0.00371025619097054,
            0.003838432254269719
          ]
        },
        "after_base_stats": {
          "shape_acc": 0.8828999996185303,
          "shape_ce": 0.5752401351928711,
          "cont_mse": 1.3035356998443604,
          "cont_mse_per_dim": [
            0.017791591584682465,
            5.139253616333008,
            0.027119386941194534,
            0.029978368431329727
          ]
        }
      },
      "unconstrained": {
        "G_target": 2.185003250837326,
        "leak": 0.15030094872539243,
        "LA_score": 0.9356396660829314,
        "before_adapt_stats": {
          "shape_acc": 0.9977999925613403,
          "shape_ce": 0.00676886597648263,
          "cont_mse": 0.6566385626792908,