{
  "interference_matrix": {
    "shape": {
      "shape": -0.0016737196180556246,
      "scale": -0.0016737196180556246,
      "rot": -0.0016737196180556246,
      "pos_x": 0.0012613932291666297,
      "pos_y": 0.10563151041666663
    },
    "scale": {
      "shape": -0.0013584162708797365,
      "scale": -0.0013584162708797365,
      "rot": -0.0013584162708797365,
      "pos_x": 0.09938460041193709,
      "pos_y": 0.6906214581025106
    },
    "rot": {
      "shape": -0.00031955744246570106,
      "scale": -0.00031955744246570106,
      "rot": -0.00031955744246570106,
      "pos_x": 0.0003266082130675141,
      "pos_y": 0.0003228157564402201
    },
    "pos_x": {
      "shape": 0.001737974170903267,
      "scale": 0.001737974170903267,
      "rot": 0.001737974170903267,
      "pos_x": 0.5651595142207699,
      "pos_y": 0.03308438283709547
    },
    "pos_y": {
      "shape": 4.793987746554151e-06,
      "scale": 4.793987746554151e-06,
      "rot": 4.793987746554151e-06,
      "pos_x": 0.07845851265034953,
      "pos_y": 0.426379532261528
    }
  },
  "random_interference_baseline": {
    "shape": {
      "shape": {
        "mean": 0.0,
        "std": 1e-08
      },
      "scale": {
        "mean": 0.0,
        "std": 1e-08
      },
      "rot": {
        "mean": 0.0,
        "std": 1e-08
      },
      "pos_x": {
        "mean": 0.0560173882378472,
        "std": 0.03591477838349247
      },
      "pos_y": {
        "mean": 0.03409993489583331,
        "std": 0.0359356955813871
      }
    },
    "scale": {
      "shape": {
        "mean": 0.0,
        "std": 1e-08
      },
      "scale": {
        "mean": 0.0,
        "std": 1e-08
      },
      "rot": {
        "mean": 0.0,
        "std": 1e-08
      },
      "pos_x": {
        "mean": 0.5011897564057315,
        "std": 0.21520806709216195
      },
      "pos_y": {
        "mean": 0.3531261064812524,
        "std": 0.25356704770658833
      }
    },
    "rot": {
      "shape": {
        "mean": 0.0,
        "std": 1e-08
      },
      "scale": {
        "mean": 0.0,
        "std": 1e-08
      },
      "rot": {
        "mean": 0.0,
        "std": 1e-08
      },
      "pos_x": {
        "mean": 0.0003652912706658573,
        "std": 0.0001908509648510673
      },
      "pos_y": {
        "mean": 0.00027686842055668073,
        "std": 0.00018292309583629223
      }
    },
    "pos_x": {
      "shape": {
        "mean": 0.0,
        "std": 1e-08
      },
      "scale": {
        "mean": 0.0,
        "std": 1e-08
      },
      "rot": {
        "mean": 0.0,
        "std": 1e-08
      },
      "pos_x": {
        "mean": 0.2971943202255806,
        "std": 0.25738478409642707
      },
      "pos_y": {
        "mean": 0.2431805831198391,
        "std": 0.23339296640035784
      }
    },
    "pos_y": {
      "shape": {
        "mean": 0.0,
        "std": 1e-08
      },
      "scale": {
        "mean": 0.0,
        "std": 1e-08
      },
      "rot": {
        "mean": 0.0,
        "std": 1e-08
      },
      "pos_x": {
        "mean": 0.27836261444929766,
        "std": 0.09023534854007857
      },
      "pos_y": {
        "mean": 0.26191733146347923,
        "std": 0.11768427000223691
      }
    }
  },
  "summary": {
    "self_effect_mean": 0.19763746857643127,
    "cross_effect_mean": 0.050380807369947433,
    "interference_ratio": 0.25491525055286485,
    "modularity_score": 0.796866560956559
  },
  "baseline_perf": {
    "shape": 0.4277208116319444,
    "scale": 0.6006559284218599,
    "rot": 0.000540160890192487,
    "pos_x": 0.6279257171790024,
    "pos_y": 0.5706368178368284
  }
}