{
  "nmi_matrix_assignment": [
    [
      0.0060857143253088,
      0.027333341538906097,
      0.005276814103126526,
      0.10612554848194122,
      0.06217079237103462
    ],
    [
      0.012066067196428776,
      0.05234863981604576,
      0.006300295237451792,
      0.3088342249393463,
      0.025792265310883522
    ],
    [
      0.015844717621803284,
      0.08586190640926361,
      0.0025378859136253595,
      0.041558559983968735,
      0.1136331558227539
    ],
    [
      0.00583919370546937,
      0.024462541565299034,
      0.00804655347019434,
      0.06598732620477676,
      0.047520387917757034
    ],
    [
      0.01236030925065279,
      0.05650627613067627,
      0.0071273730136454105,
      0.018138684332370758,
      0.22001752257347107
    ],
    [
      0.006171652115881443,
      0.021359171718358994,
      0.007480896543711424,
      0.05448475107550621,
      0.11530541628599167
    ],
    [
      0.005778319202363491,
      0.027373116463422775,
      0.0014180988073349,
      0.07696074992418289,
      0.11723481118679047
    ],
    [
      0.005976054351776838,
      0.020038912072777748,
      0.015140069648623466,
      0.03129984065890312,
      0.03550950437784195
    ],
    [
      0.008016373962163925,
      0.017145607620477676,
      0.002823507646098733,
      0.03647749871015549,
      0.02324264869093895
    ],
    [
      0.0061703394167125225,
      0.02381865121424198,
      0.003991198260337114,
      0.052750565111637115,
      0.04817402735352516
    ]
  ],
  "subspaces": {
    "shape": [],
    "scale": [],
    "rot": [],
    "pos_x": [
      0,
      1,
      3,
      8,
      9
    ],
    "pos_y": [
      2,
      4,
      5,
      6,
      7
    ]
  },
  "junk_dims_assignment": []
}