{
  "interference_matrix": {
    "shape": {
      "shape": -0.0012939453125000444,
      "scale": -0.0012939453125000444,
      "rot": -0.0012939453125000444,
      "pos_x": 0.013815646701388906,
      "pos_y": 0.10205620659722225
    },
    "scale": {
      "shape": -0.0009919503817581443,
      "scale": -0.0009919503817581443,
      "rot": -0.0009919503817581443,
      "pos_x": 0.3053250887561617,
      "pos_y": 0.9521400458735791
    },
    "rot": {
      "shape": 0.0001785745471863942,
      "scale": 0.0001785745471863942,
      "rot": 0.0001785745471863942,
      "pos_x": 0.0005263083430303572,
      "pos_y": 0.0008742490001449887
    },
    "pos_x": {
      "shape": 0.0023754006304167463,
      "scale": 0.0023754006304167463,
      "rot": 0.0023754006304167463,
      "pos_x": 0.5094793650091033,
      "pos_y": 0.07310827411474796
    },
    "pos_y": {
      "shape": -0.0006054798756320867,
      "scale": -0.0006054798756320867,
      "rot": -0.0006054798756320867,
      "pos_x": 0.026407598994800496,
      "pos_y": 0.6076140063582561
    }
  },
  "random_interference_baseline": {
    "shape": {
      "shape": {
        "mean": 0.0,
        "std": 1e-08
      },
      "scale": {
        "mean": 0.0,
        "std": 1e-08
      },
      "rot": {
        "mean": 0.0,
        "std": 1e-08
      },
      "pos_x": {
        "mean": 0.0488993326822917,
        "std": 0.03414845570764636
      },
      "pos_y": {
        "mean": 0.07158447265625002,
        "std": 0.029216566051159357
      }
    },
    "scale": {
      "shape": {
        "mean": 0.0,
        "std": 1e-08
      },
      "scale": {
        "mean": 0.0,
        "std": 1e-08
      },
      "rot": {
        "mean": 0.0,
        "std": 1e-08
      },
      "pos_x": {
        "mean": 0.5181447366187111,
        "std": 0.2636512551207812
      },
      "pos_y": {
        "mean": 0.7598759278123348,
        "std": 0.2846705261128774
      }
    },
    "rot": {
      "shape": {
        "mean": 0.0,
        "std": 1e-08
      },
      "scale": {
        "mean": 0.0,
        "std": 1e-08
      },
      "rot": {
        "mean": 0.0,
        "std": 1e-08
      },
      "pos_x": {
        "mean": 0.0005392337247537626,
        "std": 0.00025263137286813943
      },
      "pos_y": {
        "mean": 0.0007740798775547286,
        "std": 0.00014310648074996663
      }
    },
    "pos_x": {
      "shape": {
        "mean": 0.0,
        "std": 1e-08
      },
      "scale": {
        "mean": 0.0,
        "std": 1e-08
      },
      "rot": {
        "mean": 0.0,
        "std": 1e-08
      },
      "pos_x": {
        "mean": 0.1887271805627028,
        "std": 0.13662637792833673
      },
      "pos_y": {
        "mean": 0.37166422955787726,
        "std": 0.17529177963971895
      }
    },
    "pos_y": {
      "shape": {
        "mean": 0.0,
        "std": 1e-08
      },
      "scale": {
        "mean": 0.0,
        "std": 1e-08
      },
      "rot": {
        "mean": 0.0,
        "std": 1e-08
      },
      "pos_x": {
        "mean": 0.25607491729168824,
        "std": 0.1759547472237369
      },
      "pos_y": {
        "mean": 0.3310815546348286,
        "std": 0.17077371514784367
      }
    }
  },
  "summary": {
    "self_effect_mean": 0.22299718856811523,
    "cross_effect_mean": 0.07376742362976074,
    "interference_ratio": 0.33079977732199284,
    "modularity_score": 0.7514278383877769
  },
  "baseline_perf": {
    "shape": 0.4318983289930556,
    "scale": 0.6393422999034972,
    "rot": 0.0009087287707050251,
    "pos_x": 0.569195165663592,
    "pos_y": 0.6684199207721468
  }
}