{
  "per_factor": {
    "shape": {
      "localized": {
        "G_target": 0.001000046730041504,
        "leak": 0.8855469226837158,
        "LA_score": 0.0011280245190196238,
        "before_adapt_stats": {
          "shape_acc": 0.9989999532699585,
          "shape_ce": 0.0031209576409310102,
          "cont_mse": 0.2518296539783478,
          "cont_mse_per_dim": [
            0.0033073569647967815,
            0.9937137365341187,
            0.004969184286892414,
            0.005328298080712557
          ]
        },
        "after_adapt_stats": {
          "shape_acc": 1.0,
          "shape_ce": 0.0,
          "cont_mse": 0.9860727190971375,
          "cont_mse_per_dim": [
            0.17074941098690033,
            3.657546043395996,
            0.021353935822844505,
            0.09464140236377716
          ]
        },
        "before_base_stats": {
          "shape_acc": 0.9991999864578247,
          "shape_ce": 0.0025338984560221434,
          "cont_mse": 0.609831690788269,
          "cont_mse_per_dim": [
            0.0032143360003829002,
            2.426146984100342,
            0.0049477494321763515,
            0.005017653573304415
          ]
        },
        "after_base_stats": {
          "shape_acc": 0.3346000015735626,
          "shape_ce": 23.186906814575195,
          "cont_mse": 1.4953786134719849,
          "cont_mse_per_dim": [
            0.2819580137729645,
            5.550229072570801,
            0.02960381470620632,
            0.11972298473119736
          ]
        }
      },
      "unconstrained": {
        "G_target": 0.001000046730041504,
        "leak": 0.9176400899887085,
        "LA_score": 0.0010886164006804258,
        "before_adapt_stats": {
          "shape_acc": 0.9989999532699585,
          "shape_ce": 0.0031209576409310102,
          "cont_mse": 0.2518296539783478,
          "cont_mse_per_dim": [
            0.0033073569647967815,
            0.9937137365341187,
            0.004969184286892414,
            0.005328298080712557
          ]
        },
        "after_adapt_stats": {
          "shape_acc": 1.0,
          "shape_ce": 8.344647889346746e-11,
          "cont_mse": 0.9919824004173279,
          "cont_mse_per_dim": [
            0.2075769454240799,
            3.692556858062744,
            0.01986183412373066,
            0.0479341596364975
          ]
        },
        "before_base_stats": {
          "shape_acc": 0.9991999864578247,
          "shape_ce": 0.0025338984560221434,
          "cont_mse": 0.609831690788269,
          "cont_mse_per_dim": [
            0.0032143360003829002,
            2.426146984100342,
            0.0049477494321763515,
            0.005017653573304415
          ]
        },
        "after_base_stats": {
          "shape_acc": 0.33480000495910645,
          "shape_ce": 24.657167434692383,
          "cont_mse": 1.5274717807769775,
          "cont_mse_per_dim": [
            0.33528435230255127,
            5.683591365814209,
            0.028734318912029266,
            0.06227707490324974
          ]
        }
      }
    },
    "scale": {
      "localized": {
        "G_target": 0.0033655010047368705,
        "leak": 1.1200200305320323,
        "LA_score": 0.0029958557238799178,
        "before_adapt_stats": {
          "shape_acc": 0.9994999766349792,
          "shape_ce": 0.0013169693993404508,
          "cont_mse": 0.5977659821510315,
          "cont_mse_per_dim": [
            0.004238690249621868,
            2.375861167907715,
            0.005291915498673916,
            0.005672013852745295
          ]
        },
        "after_adapt_stats": {
          "shape_acc": 0.8689000010490417,
          "shape_ce": 0.7510808706283569,
          "cont_mse": 1.2872850894927979,
          "cont_mse_per_dim": [
            0.0008731892448849976,
            5.024878978729248,
            0.09389915317296982,
            0.029489384964108467
          ]
        },
        "before_base_stats": {
          "shape_acc": 0.9993000030517578,
          "shape_ce": 0.0019809831865131855,
          "cont_mse": 0.6204968094825745,
          "cont_mse_per_dim": [
            0.003224800108000636,
            2.4690797328948975,
            0.004862410016357899,
            0.004819949623197317
          ]
        },
        "after_base_stats": {
          "shape_acc": 0.8761000037193298,
          "shape_ce": 0.596112847328186,
          "cont_mse": 1.367970585823059,
          "cont_mse_per_dim": [
            0.0026603369042277336,
            5.366550445556641,
            0.07496003806591034,
            0.02771170251071453
          ]
        }
      },
      "unconstrained": {
        "G_target": 0.0033827940933406353,
        "leak": 0.95801592975234,
        "LA_score": 0.0035186171712637453,
        "before_adapt_stats": {
          "shape_acc": 0.9994999766349792,
          "shape_ce": 0.0013169693993404508,
          "cont_mse": 0.5977659821510315,
          "cont_mse_per_dim": [
            0.004238690249621868,
            2.375861167907715,
            0.005291915498673916,
            0.005672013852745295
          ]
        },
        "after_adapt_stats": {
          "shape_acc": 0.9106999635696411,
          "shape_ce": 0.49369144439697266,
          "cont_mse": 1.2135159969329834,
          "cont_mse_per_dim": [
            0.0008558961562812328,
            4.684980392456055,
            0.13742749392986298,
            0.0307998675853014
          ]
        },
        "before_base_stats": {
          "shape_acc": 0.9993000030517578,
          "shape_ce": 0.0019809831865131855,
          "cont_mse": 0.6204968094825745,
          "cont_mse_per_dim": [
            0.003224800108000636,
            2.4690797328948975,
            0.004862410016357899,
            0.004819949623197317
          ]
        },
        "after_base_stats": {
          "shape_acc": 0.9134999513626099,
          "shape_ce": 0.3850190043449402,
          "cont_mse": 1.274489402770996,
          "cont_mse_per_dim": [
            0.002548024756833911,
            4.955778121948242,
            0.10970509797334671,
            0.02992650680243969
          ]
        }
      }
    },
    "rot": {
      "localized": {
        "G_target": 2.0213561356067657,
        "leak": 0.2130627278238535,
        "LA_score": 0.9046451225607814,
        "before_adapt_stats": {
          "shape_acc": 0.9987999796867371,
          "shape_ce": 0.003824373707175255,
          "cont_mse": 0.6062633395195007,
          "cont_mse_per_dim": [
            0.0031820579897612333,
            2.4119644165039062,
            0.004803160205483437,
            0.005103889852762222
          ]
        },
        "after_adapt_stats": {
          "shape_acc": 0.8312999606132507,
          "shape_ce": 0.9842856526374817,
          "cont_mse": 0.12074325978755951,
          "cont_mse_per_dim": [
            0.029312707483768463,
            0.3906082808971405,
            0.024086691439151764,
            0.038965363055467606
          ]
        },
        "before_base_stats": {
          "shape_acc": 0.9988999962806702,
          "shape_ce": 0.003222193568944931,
          "cont_mse": 0.6136890649795532,
          "cont_mse_per_dim": [
            0.0031925872899591923,
            2.441763401031494,
            0.0048816208727657795,
            0.004918468184769154
          ]
        },
        "after_base_stats": {
          "shape_acc": 0.8118000030517578,
          "shape_ce": 1.121201515197754,
          "cont_mse": 1.350492000579834,
          "cont_mse_per_dim": [
            0.029991375282406807,
            5.311087131500244,
            0.023051638156175613,
            0.03783786669373512
          ]
        }
      },
      "unconstrained": {
        "G_target": 2.0295988619327545,
        "leak": 0.19464937162895998,
        "LA_score": 0.9124875641950533,
        "before_adapt_stats": {
          "shape_acc": 0.9987999796867371,
          "shape_ce": 0.003824373707175255,