{
  "nmi_matrix_assignment": [
    [
      0.006004890892654657,
      0.025444161146879196,
      0.0024625426158308983,
      0.11005178838968277,
      0.07621876150369644
    ],
    [
      0.008111624978482723,
      0.028027234598994255,
      0.0031787490006536245,
      0.048003457486629486,
      0.13836729526519775
    ],
    [
      0.006850806996226311,
      0.01856193132698536,
      0.002330233808606863,
      0.047853123396635056,
      0.09952593594789505
    ],
    [
      0.00484866090118885,
      0.021817155182361603,
      0.002573286648839712,
      0.1396189033985138,
      0.08169440925121307
    ],
    [
      0.012863509356975555,
      0.06324085593223572,
      0.0034067509695887566,
      0.03630678728222847,
      0.13091173768043518
    ],
    [
      0.00556836137548089,
      0.016265062615275383,
      0.002485753269866109,
      0.06805215030908585,
      0.053396616131067276
    ],
    [
      0.009377742186188698,
      0.0375659205019474,
      0.009063031524419785,
      0.015992583706974983,
      0.23067952692508698
    ],
    [
      0.00988251343369484,
      0.03288108482956886,
      0.0027917292900383472,
      0.049443911761045456,
      0.06958387047052383
    ],
    [
      0.0033158380538225174,
      0.009220273233950138,
      0.0028133620508015156,
      0.055001869797706604,
      0.12977485358715057
    ],
    [
      0.004215884488075972,
      0.017051292583346367,
      0.004812395665794611,
      0.17506171762943268,
      0.06122606620192528
    ]
  ],
  "subspaces": {
    "shape": [],
    "scale": [],
    "rot": [],
    "pos_x": [
      0,
      3,
      5,
      9
    ],
    "pos_y": [
      1,
      2,
      4,
      6,
      7,
      8
    ]
  },
  "junk_dims_assignment": []
}