{
  "interference_matrix": {
    "shape": {
      "shape": 0.6647705078125,
      "scale": 0.0,
      "rot": 2.7126736110716365e-06,
      "pos_x": 0.0,
      "pos_y": 0.0
    },
    "scale": {
      "shape": 0.700712167576198,
      "scale": 3.805947019441813e-05,
      "rot": 0.7937941441857537,
      "pos_x": 0.14185743014582308,
      "pos_y": 3.805947019441813e-05
    },
    "rot": {
      "shape": 0.029522839048756633,
      "scale": -0.004463640262358348,
      "rot": 0.31147240642076135,
      "pos_x": -0.002876255825688845,
      "pos_y": -0.004463640262358348
    },
    "pos_x": {
      "shape": 0.5021861806453048,
      "scale": -0.0006800378355529269,
      "rot": 0.25249450937643814,
      "pos_x": 0.1364088960816061,
      "pos_y": -0.0006800378355529269
    },
    "pos_y": {
      "shape": 1.8040059098614947,
      "scale": 0.000368213196880407,
      "rot": 1.9112802272236502,
      "pos_x": 0.02274347525490139,
      "pos_y": 0.000368213196880407
    }
  },
  "random_interference_baseline": {
    "shape": {
      "shape": {
        "mean": 0.347724609375,
        "std": 0.2714969760653289
      },
      "scale": {
        "mean": 0.0,
        "std": 1e-08
      },
      "rot": {
        "mean": 0.11314263237847222,
        "std": 0.17065974438143458
      },
      "pos_x": {
        "mean": 0.06770792643229166,
        "std": 0.11918176016927977
      },
      "pos_y": {
        "mean": 0.0,
        "std": 1e-08
      }
    },
    "scale": {
      "shape": {
        "mean": 0.8623360999022849,
        "std": 0.8213632323814867
      },
      "scale": {
        "mean": 0.0,
        "std": 1e-08
      },
      "rot": {
        "mean": 0.7191691754711972,
        "std": 0.4932214927770514
      },
      "pos_x": {
        "mean": 0.32158453263965586,
        "std": 0.3149370049567417
      },
      "pos_y": {
        "mean": 0.0,
        "std": 1e-08
      }
    },
    "rot": {
      "shape": {
        "mean": 0.4908339120396329,
        "std": 0.36379100851040197
      },
      "scale": {
        "mean": 0.0,
        "std": 1e-08
      },
      "rot": {
        "mean": 0.2894171714911781,
        "std": 0.24084051286946817
      },
      "pos_x": {
        "mean": 0.13471643572622405,
        "std": 0.13294457690654887
      },
      "pos_y": {
        "mean": 0.0,
        "std": 1e-08
      }
    },
    "pos_x": {
      "shape": {
        "mean": 4.737450654094505,
        "std": 4.641494418703916
      },
      "scale": {
        "mean": 0.0,
        "std": 1e-08
      },
      "rot": {
        "mean": 4.568965560341961,
        "std": 4.588124024224893
      },
      "pos_x": {
        "mean": 2.3897595347153544,
        "std": 2.9747218406402904
      },
      "pos_y": {
        "mean": 0.0,
        "std": 1e-08
      }
    },
    "pos_y": {
      "shape": {
        "mean": 1.5197332719201326,
        "std": 1.175302243542808
      },
      "scale": {
        "mean": 0.0,
        "std": 1e-08
      },
      "rot": {
        "mean": 0.9665824436782581,
        "std": 1.013534266740027
      },
      "pos_x": {
        "mean": 0.3663569858245036,
        "std": 0.6101345401159471
      },
      "pos_y": {
        "mean": 0.0,
        "std": 1e-08
      }
    }
  },
  "summary": {
    "self_effect_mean": 0.22261162102222443,
    "cross_effect_mean": 0.3072921335697174,
    "interference_ratio": 1.3803956790516436,
    "modularity_score": 0.4200982251817912
  },
  "baseline_perf": {
    "shape": 1.0,
    "scale": 0.1289262327733549,
    "rot": 0.19235837993293703,
    "pos_x": 0.7370983613566202,
    "pos_y": 0.7609951183264939
  }
}