{
  "per_factor": {
    "shape": {
      "localized": {
        "G_target": 0.0,
        "leak": 0.38128870725631714,
        "LA_score": 0.0,
        "before_adapt_stats": {
          "shape_acc": 1.0,
          "shape_ce": 2.596035301394295e-05,
          "cont_mse": 0.13412544131278992,
          "cont_mse_per_dim": [
            0.0011710873804986477,
            0.5319640040397644,
            0.001580823794938624,
            0.0017858714563772082
          ]
        },
        "after_adapt_stats": {
          "shape_acc": 1.0,
          "shape_ce": 5.960464066756543e-11,
          "cont_mse": 0.14517565071582794,
          "cont_mse_per_dim": [
            0.010206693783402443,
            0.5447788238525391,
            0.013443633913993835,
            0.012273485772311687
          ]
        },
        "before_base_stats": {
          "shape_acc": 1.0,
          "shape_ce": 2.0114854123676196e-05,
          "cont_mse": 0.23325324058532715,
          "cont_mse_per_dim": [
            0.0031068590469658375,
            0.9221447110176086,
            0.003381880931556225,
            0.004379591438919306
          ]
        },
        "after_base_stats": {
          "shape_acc": 0.6664999723434448,
          "shape_ce": 2.8735878467559814,
          "cont_mse": 0.6145419478416443,
          "cont_mse_per_dim": [
            0.08803262561559677,
            2.202348470687866,
            0.10307318717241287,
            0.0647137314081192
          ]
        }
      },
      "unconstrained": {
        "G_target": 0.0,
        "leak": 0.5417960286140442,
        "LA_score": 0.0,
        "before_adapt_stats": {
          "shape_acc": 1.0,
          "shape_ce": 2.596035301394295e-05,
          "cont_mse": 0.13412544131278992,
          "cont_mse_per_dim": [
            0.0011710873804986477,
            0.5319640040397644,
            0.001580823794938624,
            0.0017858714563772082
          ]
        },
        "after_adapt_stats": {
          "shape_acc": 1.0,
          "shape_ce": 3.576278509442865e-11,
          "cont_mse": 0.14648431539535522,
          "cont_mse_per_dim": [
            0.013075059279799461,
            0.546333372592926,
            0.013753105886280537,
            0.01277573686093092
          ]
        },
        "before_base_stats": {
          "shape_acc": 1.0,
          "shape_ce": 2.0114854123676196e-05,
          "cont_mse": 0.23325324058532715,
          "cont_mse_per_dim": [
            0.0031068590469658375,
            0.9221447110176086,
            0.003381880931556225,
            0.004379591438919306
          ]
        },
        "after_base_stats": {
          "shape_acc": 0.6660999655723572,
          "shape_ce": 3.2588672637939453,
          "cont_mse": 0.7750492691993713,
          "cont_mse_per_dim": [
            0.10172795504331589,
            2.825080394744873,
            0.10764318704605103,
            0.06574567407369614
          ]
        }
      }
    },
    "scale": {
      "localized": {
        "G_target": 0.002641423314344138,
        "leak": 0.040669872503106795,
        "LA_score": 0.06098692395646633,
        "before_adapt_stats": {
          "shape_acc": 1.0,
          "shape_ce": 1.696693288977258e-05,
          "cont_mse": 0.192613884806633,
          "cont_mse_per_dim": [
            0.0035361514892429113,
            0.7609686851501465,
            0.0026806534733623266,
            0.0032700335141271353
          ]
        },
        "after_adapt_stats": {
          "shape_acc": 0.998699963092804,
          "shape_ce": 0.0032821239437907934,
          "cont_mse": 0.22623778879642487,
          "cont_mse_per_dim": [
            0.0008947281748987734,
            0.855014443397522,
            0.027200212702155113,
            0.02184177003800869
          ]
        },
        "before_base_stats": {
          "shape_acc": 1.0,
          "shape_ce": 1.9429980966378935e-05,
          "cont_mse": 0.23240263760089874,
          "cont_mse_per_dim": [
            0.0032003591768443584,
            0.918715238571167,
            0.003401431953534484,
            0.004293353296816349
          ]
        },
        "after_base_stats": {
          "shape_acc": 0.9994999766349792,
          "shape_ce": 0.0015154611319303513,
          "cont_mse": 0.26269838213920593,
          "cont_mse_per_dim": [
            0.003874009707942605,
            0.9974126815795898,
            0.023671388626098633,
            0.02583550103008747
          ]
        }
      },
      "unconstrained": {
        "G_target": 0.0026916053611785173,
        "leak": 0.055394236386443176,
        "LA_score": 0.04633839877003653,
        "before_adapt_stats": {
          "shape_acc": 1.0,
          "shape_ce": 1.696693288977258e-05,
          "cont_mse": 0.192613884806633,
          "cont_mse_per_dim": [
            0.0035361514892429113,
            0.7609686851501465,
            0.0026806534733623266,
            0.0032700335141271353
          ]
        },
        "after_adapt_stats": {
          "shape_acc": 0.9985999464988708,
          "shape_ce": 0.003466603811830282,
          "cont_mse": 0.23382480442523956,
          "cont_mse_per_dim": [
            0.000844546128064394,
            0.8851466774940491,
            0.026998799294233322,
            0.0223091971129179
          ]
        },
        "before_base_stats": {
          "shape_acc": 1.0,
          "shape_ce": 1.9429980966378935e-05,
          "cont_mse": 0.23240263760089874,
          "cont_mse_per_dim": [
            0.0032003591768443584,
            0.918715238571167,
            0.003401431953534484,
            0.004293353296816349
          ]
        },
        "after_base_stats": {
          "shape_acc": 0.9995999932289124,
          "shape_ce": 0.0016293824883177876,
          "cont_mse": 0.27369463443756104,
          "cont_mse_per_dim": [
            0.0033858867827802896,
            1.0410648584365845,
            0.02405286766588688,
            0.026274986565113068
          ]
        }
      }
    },
    "rot": {
      "localized": {
        "G_target": 0.7919467836618423,
        "leak": 0.16896801286687455,
        "LA_score": 0.8241592056664546,
        "before_adapt_stats": {
          "shape_acc": 1.0,
          "shape_ce": 1.384007919114083e-05,
          "cont_mse": 0.22921691834926605,
          "cont_mse_per_dim": [
            0.0031321404967457056,
            0.906293511390686,
            0.0033464476000517607,
            0.0040955315344035625
          ]
        },
        "after_adapt_stats": {
          "shape_acc": 0.9971999526023865,
          "shape_ce": 0.010400170460343361,
          "cont_mse": 0.14070141315460205,
          "cont_mse_per_dim": [
            0.12268006056547165,
            0.11434672772884369,
            0.06678900122642517,
            0.2589899003505707
          ]
        },
        "before_base_stats": {
          "shape_acc": 1.0,
          "shape_ce": 2.220566602773033e-05,
          "cont_mse": 0.22787335515022278,
          "cont_mse_per_dim": [
            0.003071484388783574,
            0.9006878733634949,
            0.0033344810362905264,
            0.004399586468935013
          ]
        },
        "after_base_stats": {
          "shape_acc": 0.9952999949455261,
          "shape_ce": 0.013674064539372921,
          "cont_mse": 1.4999017715454102,
          "cont_mse_per_dim": [
            0.1323946714401245,
            5.495997428894043,
            0.07982990890741348,
            0.2913849949836731
          ]
        }
      },
      "unconstrained": {
        "G_target": 0.7689820826053619,
        "leak": 0.10405968967825174,
        "LA_score": 0.8808078813753185,
        "before_adapt_stats": {
          "shape_acc": 1.0,
          "shape_ce": 1.384007919114083e-05,
          "cont_mse": 0.22921691834926605,