{
  "nmi_matrix_assignment": [
    [
      0.09094486385583878,
      0.0028208012226969004,
      0.20250195264816284,
      0.0018595864530652761,
      0.002802296308800578
    ],
    [
      0.5713955163955688,
      0.006611793301999569,
      0.04777954891324043,
      0.004210472572594881,
      0.00775344530120492
    ],
    [
      0.09892779588699341,
      0.02002127282321453,
      0.02363145910203457,
      0.04375358670949936,
      0.0860946848988533
    ],
    [
      0.5686687231063843,
      0.0035934331826865673,
      0.03444211184978485,
      0.01867334172129631,
      0.004412394482642412
    ],
    [
      0.03413570299744606,
      0.008941195905208588,
      0.04908391460776329,
      0.030829356983304024,
      0.04779873043298721
    ],
    [
      0.0389178991317749,
      0.03663318604230881,
      0.008253956213593483,
      0.11841391026973724,
      0.035022784024477005
    ],
    [
      0.12900817394256592,
      0.00396479619666934,
      0.06781037896871567,
      0.0020158542320132256,
      0.017505308613181114
    ],
    [
      0.07861624658107758,
      0.013945030979812145,
      0.056512314826250076,
      0.04917129501700401,
      0.014038655906915665
    ],
    [
      0.10509061813354492,
      0.003332718275487423,
      0.20748846232891083,
      0.0009303581318818033,
      0.004411841277033091
    ],
    [
      0.45478230714797974,
      0.004055256024003029,
      0.05521051585674286,
      0.006773810368031263,
      0.00854621920734644
    ]
  ],
  "subspaces": {
    "shape": [
      1,
      2,
      3,
      6,
      7,
      9
    ],
    "scale": [],
    "rot": [
      0,
      4,
      8
    ],
    "pos_x": [
      5
    ],
    "pos_y": []
  },
  "junk_dims_assignment": []
}