{
  "per_factor": {
    "shape": {
      "localized": {
        "G_target": 0.055800020694732666,
        "leak": 0.08360278606414795,
        "LA_score": 0.4002790043421267,
        "before_adapt_stats": {
          "shape_acc": 0.9441999793052673,
          "shape_ce": 0.1957121044397354,
          "cont_mse": 0.7375497817993164,
          "cont_mse_per_dim": [
            0.005371302831918001,
            2.921907663345337,
            0.01219471450895071,
            0.010725518688559532
          ]
        },
        "after_adapt_stats": {
          "shape_acc": 1.0,
          "shape_ce": 3.5815624869428575e-05,
          "cont_mse": 0.8323996067047119,
          "cont_mse_per_dim": [
            0.007775778882205486,
            3.2683510780334473,
            0.021716516464948654,
            0.03175518661737442
          ]
        },
        "before_base_stats": {
          "shape_acc": 0.9303999543190002,
          "shape_ce": 0.17456752061843872,
          "cont_mse": 0.7771737575531006,
          "cont_mse_per_dim": [
            0.0035833511501550674,
            3.085935115814209,
            0.009544315747916698,
            0.009632264263927937
          ]
        },
        "after_base_stats": {
          "shape_acc": 0.4772999882698059,
          "shape_ce": 3.1108953952789307,
          "cont_mse": 0.8607765436172485,
          "cont_mse_per_dim": [
            0.021705282852053642,
            3.3713691234588623,
            0.019064970314502716,
            0.030967138707637787
          ]
        }
      },
      "unconstrained": {
        "G_target": 0.055800020694732666,
        "leak": 0.07652777433395386,
        "LA_score": 0.42168024084308003,
        "before_adapt_stats": {
          "shape_acc": 0.9441999793052673,
          "shape_ce": 0.1957121044397354,
          "cont_mse": 0.7375497817993164,
          "cont_mse_per_dim": [
            0.005371302831918001,
            2.921907663345337,
            0.01219471450895071,
            0.010725518688559532
          ]
        },
        "after_adapt_stats": {
          "shape_acc": 1.0,
          "shape_ce": 3.332438427605666e-05,
          "cont_mse": 0.8287732005119324,
          "cont_mse_per_dim": [
            0.007444397546350956,
            3.2510998249053955,
            0.021215304732322693,
            0.03533346951007843
          ]
        },
        "before_base_stats": {
          "shape_acc": 0.9303999543190002,
          "shape_ce": 0.17456752061843872,
          "cont_mse": 0.7771737575531006,
          "cont_mse_per_dim": [
            0.0035833511501550674,
            3.085935115814209,
            0.009544315747916698,
            0.009632264263927937
          ]
        },
        "after_base_stats": {
          "shape_acc": 0.4795999825000763,
          "shape_ce": 3.1386325359344482,
          "cont_mse": 0.8537015318870544,
          "cont_mse_per_dim": [
            0.020913485437631607,
            3.3411617279052734,
            0.018433455377817154,
            0.03429780155420303
          ]
        }
      }
    },
    "scale": {
      "localized": {
        "G_target": 0.002680516568943858,
        "leak": 0.27655181630204123,
        "LA_score": 0.009599592014963498,
        "before_adapt_stats": {
          "shape_acc": 0.9637999534606934,
          "shape_ce": 0.10718178749084473,
          "cont_mse": 0.7675838470458984,
          "cont_mse_per_dim": [
            0.0046476395800709724,
            3.0465073585510254,
            0.009497243911027908,
            0.00968333799391985
          ]
        },
        "after_adapt_stats": {
          "shape_acc": 0.8158999681472778,
          "shape_ce": 0.4862300753593445,
          "cont_mse": 0.8001030683517456,
          "cont_mse_per_dim": [
            0.0019671230111271143,
            3.148472547531128,
            0.019673259928822517,
            0.030299102887511253
          ]
        },
        "before_base_stats": {
          "shape_acc": 0.9401999711990356,
          "shape_ce": 0.16387969255447388,
          "cont_mse": 0.7838941216468811,
          "cont_mse_per_dim": [
            0.003544390667229891,
            3.1131069660186768,
            0.009454285725951195,
            0.00947094988077879
          ]
        },
        "after_base_stats": {
          "shape_acc": 0.7199999690055847,
          "shape_ce": 0.6993076205253601,
          "cont_mse": 0.8279343247413635,
          "cont_mse_per_dim": [
            0.010650006122887135,
            3.2522881031036377,
            0.019789187237620354,
            0.029010353609919548
          ]
        }
      },
      "unconstrained": {
        "G_target": 0.0026569580659270287,
        "leak": 0.2828558636829257,
        "LA_score": 0.009305914727728187,
        "before_adapt_stats": {
          "shape_acc": 0.9637999534606934,
          "shape_ce": 0.10718178749084473,
          "cont_mse": 0.7675838470458984,
          "cont_mse_per_dim": [
            0.0046476395800709724,
            3.0465073585510254,
            0.009497243911027908,
            0.00968333799391985
          ]
        },
        "after_adapt_stats": {
          "shape_acc": 0.8070999979972839,
          "shape_ce": 0.5204784274101257,
          "cont_mse": 0.7992977499961853,
          "cont_mse_per_dim": [
            0.001990681514143944,
            3.1520943641662598,
            0.017863363027572632,
            0.02524253912270069
          ]
        },
        "before_base_stats": {
          "shape_acc": 0.9401999711990356,
          "shape_ce": 0.16387969255447388,
          "cont_mse": 0.7838941216468811,
          "cont_mse_per_dim": [
            0.003544390667229891,
            3.1131069660186768,
            0.009454285725951195,
            0.00947094988077879
          ]
        },
        "after_base_stats": {
          "shape_acc": 0.7107999920845032,
          "shape_ce": 0.73865807056427,
          "cont_mse": 0.8259733319282532,
          "cont_mse_per_dim": [
            0.011493291705846786,
            3.2493128776550293,
            0.01843121461570263,
            0.024655763059854507
          ]
        }
      }
    },
    "rot": {
      "localized": {
        "G_target": 2.7089207470417023,
        "leak": 0.22465676139108837,
        "LA_score": 0.92341883929111,
        "before_adapt_stats": {
          "shape_acc": 0.937999963760376,
          "shape_ce": 0.16395993530750275,
          "cont_mse": 0.8072683215141296,
          "cont_mse_per_dim": [
            0.003713367274031043,
            3.2055201530456543,
            0.009667797014117241,
            0.010171986185014248
          ]
        },
        "after_adapt_stats": {
          "shape_acc": 0.7409999966621399,
          "shape_ce": 0.6860253810882568,
          "cont_mse": 0.14967086911201477,
          "cont_mse_per_dim": [
            0.015836047008633614,
            0.496599406003952,
            0.042918942868709564,
            0.04332907497882843
          ]
        },
        "before_base_stats": {
          "shape_acc": 0.9369999766349792,
          "shape_ce": 0.17363695800304413,
          "cont_mse": 0.7813284993171692,
          "cont_mse_per_dim": [
            0.003583458950743079,
            3.102520227432251,
            0.009650643914937973,
            0.00955953262746334
          ]
        },
        "after_base_stats": {
          "shape_acc": 0.7382000088691711,
          "shape_ce": 0.6909700036048889,
          "cont_mse": 1.3983322381973267,
          "cont_mse_per_dim": [
            0.015381844714283943,
            5.492965221405029,
            0.041193895041942596,
            0.043788276612758636
          ]
        }
      },
      "unconstrained": {
        "G_target": 2.7104081511497498,
        "leak": 0.22390349092893302,
        "LA_score": 0.9236947102158292,
        "before_adapt_stats": {
          "shape_acc": 0.937999963760376,
          "shape_ce": 0.16395993530750275,