{
  "interference_matrix": {
    "shape": {
      "shape": -0.0024522569444443976,
      "scale": 0.04714084201388902,
      "rot": -0.0024522569444443976,
      "pos_x": 0.002218967013889017,
      "pos_y": -0.0006591796874999556
    },
    "scale": {
      "shape": 0.00036258531787591863,
      "scale": 0.5650177210756026,
      "rot": 0.00036258531787591863,
      "pos_x": 0.07803874811756295,
      "pos_y": 0.04357425937091264
    },
    "rot": {
      "shape": -3.463043787055309e-05,
      "scale": 0.00041998168110612966,
      "rot": -3.463043787055309e-05,
      "pos_x": 0.001127723041515094,
      "pos_y": 0.0007612338238052185
    },
    "pos_x": {
      "shape": 0.001733623358724623,
      "scale": 0.017118651979719735,
      "rot": 0.001733623358724623,
      "pos_x": 0.35803257809321287,
      "pos_y": 0.18340448272539
    },
    "pos_y": {
      "shape": 0.0010760778922480618,
      "scale": 0.035179953656814256,
      "rot": 0.0010760778922480618,
      "pos_x": 0.1591901392860221,
      "pos_y": 0.3299766949503916
    }
  },
  "random_interference_baseline": {
    "shape": {
      "shape": {
        "mean": 0.0,
        "std": 1e-08
      },
      "scale": {
        "mean": 0.006732042100694491,
        "std": 0.007748177572383942
      },
      "rot": {
        "mean": 0.0,
        "std": 1e-08
      },
      "pos_x": {
        "mean": 0.01703803168402785,
        "std": 0.023453418825426446
      },
      "pos_y": {
        "mean": 0.008329264322916714,
        "std": 0.013935062116942029
      }
    },
    "scale": {
      "shape": {
        "mean": 0.0,
        "std": 1e-08
      },
      "scale": {
        "mean": 0.17719043284477004,
        "std": 0.1574306560710942
      },
      "rot": {
        "mean": 0.0,
        "std": 1e-08
      },
      "pos_x": {
        "mean": 0.27578079261173183,
        "std": 0.18172783975561954
      },
      "pos_y": {
        "mean": 0.17030621309281657,
        "std": 0.16422674132176596
      }
    },
    "rot": {
      "shape": {
        "mean": 0.0,
        "std": 1e-08
      },
      "scale": {
        "mean": 0.0005279322351579574,
        "std": 0.00024339677258222752
      },
      "rot": {
        "mean": 0.0,
        "std": 1e-08
      },
      "pos_x": {
        "mean": 0.001225061612386258,
        "std": 0.00020605302175110405
      },
      "pos_y": {
        "mean": 0.0008767968726144604,
        "std": 0.00022638419396291338
      }
    },
    "pos_x": {
      "shape": {
        "mean": 0.0,
        "std": 1e-08
      },
      "scale": {
        "mean": 0.08779817787541705,
        "std": 0.08949107422997235
      },
      "rot": {
        "mean": 0.0,
        "std": 1e-08
      },
      "pos_x": {
        "mean": 0.2844093282653413,
        "std": 0.15375624961614404
      },
      "pos_y": {
        "mean": 0.21883984173711624,
        "std": 0.15453034275323768
      }
    },
    "pos_y": {
      "shape": {
        "mean": 0.0,
        "std": 1e-08
      },
      "scale": {
        "mean": 0.09207388163489397,
        "std": 0.04975593350020984
      },
      "rot": {
        "mean": 0.0,
        "std": 1e-08
      },
      "pos_x": {
        "mean": 0.28668197365681447,
        "std": 0.08294139342812935
      },
      "pos_y": {
        "mean": 0.1771236094656378,
        "std": 0.068949823241023
      }
    }
  },
  "summary": {
    "self_effect_mean": 0.2501080334186554,
    "cross_effect_mean": 0.028568673878908157,
    "interference_ratio": 0.11422533033488694,
    "modularity_score": 0.8974845327734957
  },
  "baseline_perf": {
    "shape": 0.4314236111111111,
    "scale": 0.7157439527649628,
    "rot": 0.0014994556368764789,
    "pos_x": 0.5350934110753283,
    "pos_y": 0.5578986561299537
  }
}