{
  "baseline_multitask_test": {
    "shape_acc": 0.9356147050857544,
    "shape_ce": 0.1710924655199051,
    "cont_mse": 0.775940477848053,
    "cont_mse_per_dim": [
      0.00361160677857697,
      3.0806541442871094,
      0.009752667509019375,
      0.009743490256369114
    ]
  },
  "factored_multitask_test": {
    "shape_acc": 0.9302978515625,
    "shape_ce": 0.1825307458639145,
    "cont_mse": 0.7823694944381714,
    "cont_mse_per_dim": [
      0.003632509848102927,
      3.1026711463928223,
      0.011147488839924335,
      0.01202694047242403
    ]
  },
  "recovery": {
    "shape_acc_ratio": 0.9943172616950616,
    "cont_mse_ratio": 0.9917826338631274
  },
  "drop_expert_contribution_matrix": {
    "shape": {
      "shape": 0.0,
      "scale": 0.5056423544883728,
      "rot": 0.0,
      "pos_x": 0.5659586489200592,
      "pos_y": 0.5709770917892456
    },
    "scale": {
      "shape": 0.0,
      "scale": 0.042084529995918274,
      "rot": 0.0,
      "pos_x": 0.05872245132923126,
      "pos_y": 0.28229011595249176
    },
    "rot": {
      "shape": 0.0,
      "scale": 0.042084529995918274,
      "rot": 0.0,
      "pos_x": 0.05872245132923126,
      "pos_y": 0.28229011595249176
    },
    "pos_x": {
      "shape": 0.0,
      "scale": 0.042084529995918274,
      "rot": 0.0,
      "pos_x": 0.05872245132923126,
      "pos_y": 0.28229011595249176
    },
    "pos_y": {
      "shape": 0.0,
      "scale": 0.042084529995918274,
      "rot": 0.0,
      "pos_x": 0.05872245132923126,
      "pos_y": 0.28229011595249176
    }
  },
  "factor_contribution_scores": {
    "shape": {
      "self_contribution": 0.0,
      "leakage_mean": 0.0
    },
    "scale": {
      "self_contribution": 0.042084529995918274,
      "leakage_mean": 0.1579739861190319
    },
    "rot": {
      "self_contribution": 0.0,
      "leakage_mean": 0.0
    },
    "pos_x": {
      "self_contribution": 0.05872245132923126,
      "leakage_mean": 0.18553150072693825
    },
    "pos_y": {
      "self_contribution": 0.28229011595249176,
      "leakage_mean": 0.3544618599116802
    }
  }
}