{
  "nmi_matrix_assignment": [
    [
      0.006837098393589258,
      0.021139318123459816,
      0.004854932893067598,
      0.17357803881168365,
      0.04173862189054489
    ],
    [
      0.02972501330077648,
      0.17819900810718536,
      0.0015881919534876943,
      0.003007997293025255,
      0.015036017633974552
    ],
    [
      0.004587532952427864,
      0.019848793745040894,
      0.005008856300264597,
      0.0728178396821022,
      0.17461656033992767
    ],
    [
      0.013611778616905212,
      0.07001427561044693,
      0.0017420416697859764,
      0.04248238354921341,
      0.023529980331659317
    ],
    [
      0.0055753374472260475,
      0.024939008057117462,
      0.004553129896521568,
      0.11020473390817642,
      0.03616078197956085
    ],
    [
      0.001965272706001997,
      0.00804776232689619,
      0.003857011441141367,
      0.0679800733923912,
      0.03781473636627197
    ],
    [
      0.007311781868338585,
      0.02879827842116356,
      0.0036878956016153097,
      0.09673250466585159,
      0.06319291144609451
    ],
    [
      0.003709093201905489,
      0.01910843700170517,
      0.006600358989089727,
      0.03563329204916954,
      0.1391543596982956
    ],
    [
      0.00521440152078867,
      0.015362340025603771,
      0.003696730826050043,
      0.04588618129491806,
      0.09223753958940506
    ],
    [
      0.003710213815793395,
      0.012797117233276367,
      0.0025161351077258587,
      0.07044658809900284,
      0.03629832714796066
    ]
  ],
  "subspaces": {
    "shape": [],
    "scale": [
      1,
      3
    ],
    "rot": [],
    "pos_x": [
      0,
      4,
      5,
      6,
      9
    ],
    "pos_y": [
      2,
      7,
      8
    ]
  },
  "junk_dims_assignment": []
}