{
  "per_factor": {
    "shape": {
      "localized": {
        "G_target": 0.0015000104904174805,
        "leak": 1.0318702459335327,
        "LA_score": 0.0014515711736204403,
        "before_adapt_stats": {
          "shape_acc": 0.9984999895095825,
          "shape_ce": 0.004319502040743828,
          "cont_mse": 0.27402567863464355,
          "cont_mse_per_dim": [
            0.003928697668015957,
            1.0838963985443115,
            0.0038969016168266535,
            0.00438074953854084
          ]
        },
        "after_adapt_stats": {
          "shape_acc": 1.0,
          "shape_ce": 4.768371461572052e-11,
          "cont_mse": 1.002358078956604,
          "cont_mse_per_dim": [
            0.3421355187892914,
            3.597078323364258,
            0.04175819084048271,
            0.028460199013352394
          ]
        },
        "before_base_stats": {
          "shape_acc": 0.9987999796867371,
          "shape_ce": 0.004514608532190323,
          "cont_mse": 0.6353936195373535,
          "cont_mse_per_dim": [
            0.004011820070445538,
            2.5295979976654053,
            0.004084504675120115,
            0.0038802833296358585
          ]
        },
        "after_base_stats": {
          "shape_acc": 0.3447999954223633,
          "shape_ce": 24.43512725830078,
          "cont_mse": 1.6672638654708862,
          "cont_mse_per_dim": [
            0.5374466180801392,
            6.045831680297852,
            0.0517561249434948,
            0.034020379185676575
          ]
        }
      },
      "unconstrained": {
        "G_target": 0.0015000104904174805,
        "leak": 1.343184471130371,
        "LA_score": 0.0011155111104237344,
        "before_adapt_stats": {
          "shape_acc": 0.9984999895095825,
          "shape_ce": 0.004319502040743828,
          "cont_mse": 0.27402567863464355,
          "cont_mse_per_dim": [
            0.003928697668015957,
            1.0838963985443115,
            0.0038969016168266535,
            0.00438074953854084
          ]
        },
        "after_adapt_stats": {
          "shape_acc": 1.0,
          "shape_ce": 1.192092865393013e-11,
          "cont_mse": 1.2460441589355469,
          "cont_mse_per_dim": [
            0.41185224056243896,
            4.486984729766846,
            0.059731919318437576,
            0.025607433170080185
          ]
        },
        "before_base_stats": {
          "shape_acc": 0.9987999796867371,
          "shape_ce": 0.004514608532190323,
          "cont_mse": 0.6353936195373535,
          "cont_mse_per_dim": [
            0.004011820070445538,
            2.5295979976654053,
            0.004084504675120115,
            0.0038802833296358585
          ]
        },
        "after_base_stats": {
          "shape_acc": 0.3434000015258789,
          "shape_ce": 25.670608520507812,
          "cont_mse": 1.9785780906677246,
          "cont_mse_per_dim": [
            0.6464225053787231,
            7.163382530212402,
            0.07578815519809723,
            0.02871917374432087
          ]
        }
      }
    },
    "scale": {
      "localized": {
        "G_target": 0.0037091925041750073,
        "leak": 0.5791133265011013,
        "LA_score": 0.006364188615882122,
        "before_adapt_stats": {
          "shape_acc": 0.9990999698638916,
          "shape_ce": 0.003049207618460059,
          "cont_mse": 0.6238555908203125,
          "cont_mse_per_dim": [
            0.00472427811473608,
            2.4823415279388428,
            0.004325995687395334,
            0.0040306877344846725
          ]
        },
        "after_adapt_stats": {
          "shape_acc": 0.7457000017166138,
          "shape_ce": 2.165494441986084,
          "cont_mse": 0.8660843372344971,
          "cont_mse_per_dim": [
            0.0010150856105610728,
            3.2843093872070312,
            0.09486671537160873,
            0.08414649218320847
          ]
        },
        "before_base_stats": {
          "shape_acc": 0.998199999332428,
          "shape_ce": 0.005158805754035711,
          "cont_mse": 0.6443581581115723,
          "cont_mse_per_dim": [
            0.0038251231890171766,
            2.5661442279815674,
            0.0038876200560480356,
            0.003575508715584874
          ]
        },
        "after_base_stats": {
          "shape_acc": 0.7458999752998352,
          "shape_ce": 1.7365622520446777,
          "cont_mse": 0.8895373940467834,
          "cont_mse_per_dim": [
            0.00410217372700572,
            3.419778347015381,
            0.07060503214597702,
            0.06366388499736786
          ]
        }
      },
      "unconstrained": {
        "G_target": 0.003799914789851755,
        "leak": 0.4973524866315226,
        "LA_score": 0.0075823535979292036,
        "before_adapt_stats": {
          "shape_acc": 0.9990999698638916,
          "shape_ce": 0.003049207618460059,
          "cont_mse": 0.6238555908203125,
          "cont_mse_per_dim": [
            0.00472427811473608,
            2.4823415279388428,
            0.004325995687395334,
            0.0040306877344846725
          ]
        },
        "after_adapt_stats": {
          "shape_acc": 0.8136000037193298,
          "shape_ce": 1.2712103128433228,
          "cont_mse": 0.9113470315933228,
          "cont_mse_per_dim": [
            0.0009243633248843253,
            3.5273842811584473,
            0.05267195776104927,
            0.06440767645835876
          ]
        },
        "before_base_stats": {
          "shape_acc": 0.998199999332428,
          "shape_ce": 0.005158805754035711,
          "cont_mse": 0.6443581581115723,
          "cont_mse_per_dim": [
            0.0038251231890171766,
            2.5661442279815674,
            0.0038876200560480356,
            0.003575508715584874
          ]
        },
        "after_base_stats": {
          "shape_acc": 0.8139999508857727,
          "shape_ce": 1.0198901891708374,
          "cont_mse": 0.8791464567184448,
          "cont_mse_per_dim": [
            0.0035208326298743486,
            3.4213428497314453,
            0.03933446481823921,
            0.052387356758117676
          ]
        }
      }
    },
    "rot": {
      "localized": {
        "G_target": 1.7579649984836578,
        "leak": 0.17565678797351816,
        "LA_score": 0.9091565898277727,
        "before_adapt_stats": {
          "shape_acc": 0.9985999464988708,
          "shape_ce": 0.004327704664319754,
          "cont_mse": 0.5470276474952698,
          "cont_mse_per_dim": [
            0.003930801525712013,
            2.1764674186706543,
            0.0041394964791834354,
            0.0035726698115468025
          ]
        },
        "after_adapt_stats": {
          "shape_acc": 0.8508999943733215,
          "shape_ce": 0.7740112543106079,
          "cont_mse": 0.12655578553676605,
          "cont_mse_per_dim": [
            0.01655307225883007,
            0.41850242018699646,
            0.03684351220726967,
            0.03432418778538704
          ]
        },
        "before_base_stats": {
          "shape_acc": 0.9985999464988708,
          "shape_ce": 0.004467029590159655,
          "cont_mse": 0.6356459259986877,
          "cont_mse_per_dim": [
            0.003944355063140392,
            2.5310447216033936,
            0.003915711771696806,
            0.0036790312733501196
          ]
        },
        "after_base_stats": {
          "shape_acc": 0.8478999733924866,
          "shape_ce": 0.8098083138465881,
          "cont_mse": 1.248438835144043,
          "cont_mse_per_dim": [
            0.01641617715358734,
            4.907346248626709,
            0.035767123103141785,
            0.03422624245285988
          ]
        }
      },
      "unconstrained": {
        "G_target": 1.7623056471347809,
        "leak": 0.17171464852678278,
        "LA_score": 0.9112136216852982,
        "before_adapt_stats": {
          "shape_acc": 0.9985999464988708,
          "shape_ce": 0.004327704664319754,