{
  "interference_matrix": {
    "shape": {
      "shape": -0.0016194661458333037,
      "scale": -0.0016194661458333037,
      "rot": -0.0016194661458333037,
      "pos_x": 0.052688259548611116,
      "pos_y": 0.05731879340277779
    },
    "scale": {
      "shape": -0.0004234498060969871,
      "scale": -0.0004234498060969871,
      "rot": -0.0004234498060969871,
      "pos_x": 0.4994075718746219,
      "pos_y": 0.6735915186143195
    },
    "rot": {
      "shape": -6.860879631553907e-05,
      "scale": -6.860879631553907e-05,
      "rot": -6.860879631553907e-05,
      "pos_x": 0.0004448898310194238,
      "pos_y": 0.00020989542764127123
    },
    "pos_x": {
      "shape": 0.0009927108676980323,
      "scale": 0.0009927108676980323,
      "rot": 0.0009927108676980323,
      "pos_x": 0.5297233822411125,
      "pos_y": 0.0199161792719188
    },
    "pos_y": {
      "shape": 0.0003896794000607384,
      "scale": 0.0003896794000607384,
      "rot": 0.0003896794000607384,
      "pos_x": 0.09482253141898345,
      "pos_y": 0.603932751475052
    }
  },
  "random_interference_baseline": {
    "shape": {
      "shape": {
        "mean": 0.0,
        "std": 1e-08
      },
      "scale": {
        "mean": 0.0,
        "std": 1e-08
      },
      "rot": {
        "mean": 0.0,
        "std": 1e-08
      },
      "pos_x": {
        "mean": 0.055683051215277765,
        "std": 0.025293261871358854
      },
      "pos_y": {
        "mean": 0.055048828125000004,
        "std": 0.022768530946306337
      }
    },
    "scale": {
      "shape": {
        "mean": 0.0,
        "std": 1e-08
      },
      "scale": {
        "mean": 0.0,
        "std": 1e-08
      },
      "rot": {
        "mean": 0.0,
        "std": 1e-08
      },
      "pos_x": {
        "mean": 0.531087854112845,
        "std": 0.17523208563114429
      },
      "pos_y": {
        "mean": 0.5332700522651287,
        "std": 0.15830806695509086
      }
    },
    "rot": {
      "shape": {
        "mean": 0.0,
        "std": 1e-08
      },
      "scale": {
        "mean": 0.0,
        "std": 1e-08
      },
      "rot": {
        "mean": 0.0,
        "std": 1e-08
      },
      "pos_x": {
        "mean": 0.0003402525049847283,
        "std": 0.00014759487754933013
      },
      "pos_y": {
        "mean": 0.0002871132922607156,
        "std": 0.00015347062883509874
      }
    },
    "pos_x": {
      "shape": {
        "mean": 0.0,
        "std": 1e-08
      },
      "scale": {
        "mean": 0.0,
        "std": 1e-08
      },
      "rot": {
        "mean": 0.0,
        "std": 1e-08
      },
      "pos_x": {
        "mean": 0.30218121173131246,
        "std": 0.19541461463266752
      },
      "pos_y": {
        "mean": 0.2371406152344953,
        "std": 0.2008686472667707
      }
    },
    "pos_y": {
      "shape": {
        "mean": 0.0,
        "std": 1e-08
      },
      "scale": {
        "mean": 0.0,
        "std": 1e-08
      },
      "rot": {
        "mean": 0.0,
        "std": 1e-08
      },
      "pos_x": {
        "mean": 0.2736485403590959,
        "std": 0.2138440626911809
      },
      "pos_y": {
        "mean": 0.3429010403245006,
        "std": 0.22934479549327041
      }
    }
  },
  "summary": {
    "self_effect_mean": 0.2263089120388031,
    "cross_effect_mean": 0.06991619616746902,
    "interference_ratio": 0.30894140424336053,
    "modularity_score": 0.7639761388540188
  },
  "baseline_perf": {
    "shape": 0.427978515625,
    "scale": 0.5759531145026546,
    "rot": 0.000559562820807491,
    "pos_x": 0.5947232305642868,
    "pos_y": 0.6624010576251582
  }
}