{
  "nmi_matrix_assignment": [
    [
      0.007969863712787628,
      0.02549736015498638,
      0.005140391644090414,
      0.03246963769197464,
      0.02780119702219963
    ],
    [
      0.0052085695788264275,
      0.02101125754415989,
      0.004353409633040428,
      0.0442284494638443,
      0.16060025990009308
    ],
    [
      0.006533620413392782,
      0.025900039821863174,
      0.0023132513742893934,
      0.09322593361139297,
      0.061252936720848083
    ],
    [
      0.01007668487727642,
      0.04292446747422218,
      0.008037806488573551,
      0.02982892282307148,
      0.21544784307479858
    ],
    [
      0.0063476962968707085,
      0.02802399732172489,
      0.008096295408904552,
      0.23121760785579681,
      0.0499240942299366
    ],
    [
      0.007126103155314922,
      0.02259313501417637,
      0.009085848927497864,
      0.07108506560325623,
      0.042310815304517746
    ],
    [
      0.009618698619306087,
      0.019046945497393608,
      0.013095076195895672,
      0.14764507114887238,
      0.02529403194785118
    ],
    [
      0.008648461662232876,
      0.024476567283272743,
      0.004024560563266277,
      0.03445412591099739,
      0.052913714200258255
    ],
    [
      0.006379024591296911,
      0.028586627915501595,
      0.0022904297802597284,
      0.05139589309692383,
      0.08420415967702866
    ],
    [
      0.01121955830603838,
      0.05044936016201973,
      0.0033571936655789614,
      0.04215123876929283,
      0.07545101642608643
    ]
  ],
  "subspaces": {
    "shape": [],
    "scale": [],
    "rot": [],
    "pos_x": [
      0,
      2,
      4,
      5,
      6
    ],
    "pos_y": [
      1,
      3,
      7,
      8,
      9
    ]
  },
  "junk_dims_assignment": []
}