{
  "per_factor": {
    "shape": {
      "localized": {
        "G_target": 0.004100024700164795,
        "leak": 1.3246806263923645,
        "LA_score": 0.003085554162711652,
        "before_adapt_stats": {
          "shape_acc": 0.9958999752998352,
          "shape_ce": 0.012963815592229366,
          "cont_mse": 0.28993168473243713,
          "cont_mse_per_dim": [
            0.003316180780529976,
            1.1399048566818237,
            0.008515730500221252,
            0.007989947684109211
          ]
        },
        "after_adapt_stats": {
          "shape_acc": 1.0,
          "shape_ce": 0.0,
          "cont_mse": 1.5255073308944702,
          "cont_mse_per_dim": [
            0.5092180371284485,
            4.3591837882995605,
            0.1134176105260849,
            1.12021005153656
          ]
        },
        "before_base_stats": {
          "shape_acc": 0.998199999332428,
          "shape_ce": 0.005785136949270964,
          "cont_mse": 0.6458751559257507,
          "cont_mse_per_dim": [
            0.0036099718417972326,
            2.5642178058624268,
            0.008597556501626968,
            0.007075027097016573
          ]
        },
        "after_base_stats": {
          "shape_acc": 0.3346000015735626,
          "shape_ce": 47.550594329833984,
          "cont_mse": 1.9705557823181152,
          "cont_mse_per_dim": [
            0.7029961943626404,
            5.696867942810059,
            0.12034790962934494,
            1.3620107173919678
          ]
        }
      },
      "unconstrained": {
        "G_target": 0.004100024700164795,
        "leak": 1.0910735726356506,
        "LA_score": 0.0037437212444689566,
        "before_adapt_stats": {
          "shape_acc": 0.9958999752998352,
          "shape_ce": 0.012963815592229366,
          "cont_mse": 0.28993168473243713,
          "cont_mse_per_dim": [
            0.003316180780529976,
            1.1399048566818237,
            0.008515730500221252,
            0.007989947684109211
          ]
        },
        "after_adapt_stats": {
          "shape_acc": 1.0,
          "shape_ce": 0.0,
          "cont_mse": 1.2999563217163086,
          "cont_mse_per_dim": [
            0.4283749759197235,
            3.724698781967163,
            0.1069706529378891,
            0.9397813081741333
          ]
        },
        "before_base_stats": {
          "shape_acc": 0.998199999332428,
          "shape_ce": 0.005785136949270964,
          "cont_mse": 0.6458751559257507,
          "cont_mse_per_dim": [
            0.0036099718417972326,
            2.5642178058624268,
            0.008597556501626968,
            0.007075027097016573
          ]
        },
        "after_base_stats": {
          "shape_acc": 0.3346000015735626,
          "shape_ce": 43.220767974853516,
          "cont_mse": 1.7369487285614014,
          "cont_mse_per_dim": [
            0.5929935574531555,
            5.1126227378845215,
            0.11043883860111237,
            1.1317402124404907
          ]
        }
      }
    },
    "scale": {
      "localized": {
        "G_target": 0.003487692098133266,
        "leak": 1.1899562176937857,
        "LA_score": 0.00292237619237388,
        "before_adapt_stats": {
          "shape_acc": 0.9990999698638916,
          "shape_ce": 0.003664047224447131,
          "cont_mse": 0.621959924697876,
          "cont_mse_per_dim": [
            0.004453924018889666,
            2.4659695625305176,
            0.009402901865541935,
            0.008013560436666012
          ]
        },
        "after_adapt_stats": {
          "shape_acc": 0.764799952507019,
          "shape_ce": 2.0506389141082764,
          "cont_mse": 1.3113884925842285,
          "cont_mse_per_dim": [
            0.0009662319207563996,
            4.970127582550049,
            0.043432895094156265,
            0.23102721571922302
          ]
        },
        "before_base_stats": {
          "shape_acc": 0.998199999332428,
          "shape_ce": 0.005508685018867254,
          "cont_mse": 0.6499204635620117,
          "cont_mse_per_dim": [
            0.003513151779770851,
            2.580859661102295,
            0.008659448474645615,
            0.00664969626814127
          ]
        },
        "after_base_stats": {
          "shape_acc": 0.7843999862670898,
          "shape_ce": 1.4577360153198242,
          "cont_mse": 1.3817591667175293,
          "cont_mse_per_dim": [
            0.002399884629994631,
            5.332514762878418,
            0.04145476594567299,
            0.15066789090633392
          ]
        }
      },
      "unconstrained": {
        "G_target": 0.0034727901220321655,
        "leak": 1.255895442950229,
        "LA_score": 0.0027575652642790206,
        "before_adapt_stats": {
          "shape_acc": 0.9990999698638916,
          "shape_ce": 0.003664047224447131,
          "cont_mse": 0.621959924697876,
          "cont_mse_per_dim": [
            0.004453924018889666,
            2.4659695625305176,
            0.009402901865541935,
            0.008013560436666012
          ]
        },
        "after_adapt_stats": {
          "shape_acc": 0.7667999863624573,
          "shape_ce": 1.7949988842010498,
          "cont_mse": 1.4000223875045776,
          "cont_mse_per_dim": [
            0.0009811338968575,
            5.27649450302124,
            0.045016419142484665,
            0.2775976061820984
          ]
        },
        "before_base_stats": {
          "shape_acc": 0.998199999332428,
          "shape_ce": 0.005508685018867254,
          "cont_mse": 0.6499204635620117,
          "cont_mse_per_dim": [
            0.003513151779770851,
            2.580859661102295,
            0.008659448474645615,
            0.00664969626814127
          ]
        },
        "after_base_stats": {
          "shape_acc": 0.7847999930381775,
          "shape_ce": 1.3318040370941162,
          "cont_mse": 1.431472659111023,
          "cont_mse_per_dim": [
            0.0022356321569532156,
            5.503147125244141,
            0.042505186051130295,
            0.17800280451774597
          ]
        }
      }
    },
    "rot": {
      "localized": {
        "G_target": 2.3938606679439545,
        "leak": 0.5266662765449535,
        "LA_score": 0.8196673768973585,
        "before_adapt_stats": {
          "shape_acc": 0.998199999332428,
          "shape_ce": 0.005030501633882523,
          "cont_mse": 0.7092264294624329,
          "cont_mse_per_dim": [
            0.0037311026826500893,
            2.817089080810547,
            0.009068924933671951,
            0.007016557268798351
          ]
        },
        "after_adapt_stats": {
          "shape_acc": 0.7990999817848206,
          "shape_ce": 1.5871379375457764,
          "cont_mse": 0.3545360863208771,
          "cont_mse_per_dim": [
            0.013471572659909725,
            0.4232284128665924,
            0.025652935728430748,
            0.9557913541793823
          ]
        },
        "before_base_stats": {
          "shape_acc": 0.9983999729156494,
          "shape_ce": 0.005047546233981848,
          "cont_mse": 0.6346115469932556,
          "cont_mse_per_dim": [
            0.0036059527192264795,
            2.5193207263946533,
            0.008382017724215984,
            0.007137214299291372
          ]
        },
        "after_base_stats": {
          "shape_acc": 0.7989999651908875,
          "shape_ce": 1.6114600896835327,
          "cont_mse": 1.648276925086975,
          "cont_mse_per_dim": [
            0.01348208263516426,
            5.592184066772461,
            0.02479947730898857,
            0.9626424312591553
          ]
        }
      },
      "unconstrained": {
        "G_target": 2.420020818710327,
        "leak": 0.5431595858341705,
        "LA_score": 0.8166970889898834,
        "before_adapt_stats": {
          "shape_acc": 0.998199999332428,
          "shape_ce": 0.005030501633882523,
          "cont_mse": 0.7092264294624329,