{
  "interference_matrix": {
    "shape": {
      "shape": -0.003404405381944531,
      "scale": -0.003404405381944531,
      "rot": -0.003404405381944531,
      "pos_x": -5.154079861113825e-05,
      "pos_y": 0.04593912760416663
    },
    "scale": {
      "shape": -0.0013132365333420326,
      "scale": -0.0013132365333420326,
      "rot": -0.0013132365333420326,
      "pos_x": 0.22142117883730017,
      "pos_y": 0.573035833151011
    },
    "rot": {
      "shape": 0.0001373606947879802,
      "scale": 0.0001373606947879802,
      "rot": 0.0001373606947879802,
      "pos_x": 0.0013494298328695642,
      "pos_y": 0.0024413125727444918
    },
    "pos_x": {
      "shape": 0.0038943874900998487,
      "scale": 0.0038943874900998487,
      "rot": 0.0038943874900998487,
      "pos_x": 0.5615832097401356,
      "pos_y": 0.04977549845607265
    },
    "pos_y": {
      "shape": -9.480179372589603e-05,
      "scale": -9.480179372589603e-05,
      "rot": -9.480179372589603e-05,
      "pos_x": 0.058334142864186256,
      "pos_y": 0.5170872012806206
    }
  },
  "random_interference_baseline": {
    "shape": {
      "shape": {
        "mean": 0.0,
        "std": 1e-08
      },
      "scale": {
        "mean": 0.0,
        "std": 1e-08
      },
      "rot": {
        "mean": 0.0,
        "std": 1e-08
      },
      "pos_x": {
        "mean": 0.024644097222222196,
        "std": 0.019135618233822333
      },
      "pos_y": {
        "mean": 0.022309027777777775,
        "std": 0.014856400698537293
      }
    },
    "scale": {
      "shape": {
        "mean": 0.0,
        "std": 1e-08
      },
      "scale": {
        "mean": 0.0,
        "std": 1e-08
      },
      "rot": {
        "mean": 0.0,
        "std": 1e-08
      },
      "pos_x": {
        "mean": 0.4412663234835284,
        "std": 0.17630810727147833
      },
      "pos_y": {
        "mean": 0.43506344853754414,
        "std": 0.14479599491736667
      }
    },
    "rot": {
      "shape": {
        "mean": 0.0,
        "std": 1e-08
      },
      "scale": {
        "mean": 0.0,
        "std": 1e-08
      },
      "rot": {
        "mean": 0.0,
        "std": 1e-08
      },
      "pos_x": {
        "mean": 0.001828227482064826,
        "std": 0.0006182814455458408
      },
      "pos_y": {
        "mean": 0.0017613837101649154,
        "std": 0.0006496521382232037
      }
    },
    "pos_x": {
      "shape": {
        "mean": 0.0,
        "std": 1e-08
      },
      "scale": {
        "mean": 0.0,
        "std": 1e-08
      },
      "rot": {
        "mean": 0.0,
        "std": 1e-08
      },
      "pos_x": {
        "mean": 0.3020326499055293,
        "std": 0.1416433716899264
      },
      "pos_y": {
        "mean": 0.2518752092590759,
        "std": 0.13366829751953357
      }
    },
    "pos_y": {
      "shape": {
        "mean": 0.0,
        "std": 1e-08
      },
      "scale": {
        "mean": 0.0,
        "std": 1e-08
      },
      "rot": {
        "mean": 0.0,
        "std": 1e-08
      },
      "pos_x": {
        "mean": 0.2606793471836323,
        "std": 0.1920459554490439
      },
      "pos_y": {
        "mean": 0.3196052247983897,
        "std": 0.1896996182658915
      }
    }
  },
  "summary": {
    "self_effect_mean": 0.2148180454969406,
    "cross_effect_mean": 0.047724150121212006,
    "interference_ratio": 0.2221607956128794,
    "modularity_score": 0.8182229405407558
  },
  "baseline_perf": {
    "shape": 0.4242485894097222,
    "scale": 0.7184120419769404,
    "rot": 0.0021120612758691593,
    "pos_x": 0.5223999965816839,
    "pos_y": 0.5379137446787394
  }
}