{
  "nmi_matrix_assignment": [
    [
      0.007087609730660915,
      0.027260797098279,
      0.0022516949102282524,
      0.10371202230453491,
      0.026787858456373215
    ],
    [
      0.00819559209048748,
      0.043855246156454086,
      0.004924807231873274,
      0.044994253665208817,
      0.03539572283625603
    ],
    [
      0.007436910644173622,
      0.028933875262737274,
      0.006092592608183622,
      0.10959139466285706,
      0.06945672631263733
    ],
    [
      0.005953820887953043,
      0.02048594318330288,
      0.008482876233756542,
      0.03259062394499779,
      0.05658276751637459
    ],
    [
      0.007868236862123013,
      0.030147554352879524,
      0.003094895277172327,
      0.045263297855854034,
      0.051321759819984436
    ],
    [
      0.005146709270775318,
      0.021895384415984154,
      0.001304218894802034,
      0.086271271109581,
      0.07315138727426529
    ],
    [
      0.011559311300516129,
      0.061453163623809814,
      0.003018515883013606,
      0.03248206153512001,
      0.0848148912191391
    ],
    [
      0.008420080877840519,
      0.04335305467247963,
      0.0013842436019331217,
      0.07338087260723114,
      0.08346439152956009
    ],
    [
      0.010577312670648098,
      0.04715589061379433,
      0.004484918899834156,
      0.037463944405317307,
      0.1726180762052536
    ],
    [
      0.005415959749370813,
      0.027775559574365616,
      0.002177891321480274,
      0.1144932359457016,
      0.06780439615249634
    ]
  ],
  "subspaces": {
    "shape": [],
    "scale": [],
    "rot": [],
    "pos_x": [
      0,
      1,
      2,
      5,
      9
    ],
    "pos_y": [
      3,
      4,
      6,
      7,
      8
    ]
  },
  "junk_dims_assignment": []
}