{
  "per_factor": {
    "shape": {
      "localized": {
        "G_target": 0.0,
        "leak": 0.034977659583091736,
        "LA_score": 0.0,
        "before_adapt_stats": {
          "shape_acc": 1.0,
          "shape_ce": 1.4165505490382202e-05,
          "cont_mse": 0.14622041583061218,
          "cont_mse_per_dim": [
            0.0002882115659303963,
            0.5822149515151978,
            0.001154500525444746,
            0.0012240306241437793
          ]
        },
        "after_adapt_stats": {
          "shape_acc": 1.0,
          "shape_ce": 1.0728833793605119e-10,
          "cont_mse": 0.18965399265289307,
          "cont_mse_per_dim": [
            0.024926243349909782,
            0.6512748599052429,
            0.07339876890182495,
            0.009016172960400581
          ]
        },
        "before_base_stats": {
          "shape_acc": 1.0,
          "shape_ce": 1.4737810488441028e-05,
          "cont_mse": 0.19971393048763275,
          "cont_mse_per_dim": [
            0.00029808853287249804,
            0.7963835597038269,
            0.001160015701316297,
            0.0010140857193619013
          ]
        },
        "after_base_stats": {
          "shape_acc": 0.8356999754905701,
          "shape_ce": 0.53505539894104,
          "cont_mse": 0.2346915900707245,
          "cont_mse_per_dim": [
            0.029375512152910233,
            0.844936192035675,
            0.05600498989224434,
            0.008449631743133068
          ]
        }
      },
      "unconstrained": {
        "G_target": 0.0,
        "leak": 0.031281620264053345,
        "LA_score": 0.0,
        "before_adapt_stats": {
          "shape_acc": 1.0,
          "shape_ce": 1.4165505490382202e-05,
          "cont_mse": 0.14622041583061218,
          "cont_mse_per_dim": [
            0.0002882115659303963,
            0.5822149515151978,
            0.001154500525444746,
            0.0012240306241437793
          ]
        },
        "after_adapt_stats": {
          "shape_acc": 1.0,
          "shape_ce": 1.5497204908232476e-10,
          "cont_mse": 0.18327392637729645,
          "cont_mse_per_dim": [
            0.02017860859632492,
            0.6377922296524048,
            0.06633567810058594,
            0.008789190091192722
          ]
        },
        "before_base_stats": {
          "shape_acc": 1.0,
          "shape_ce": 1.4737810488441028e-05,
          "cont_mse": 0.19971393048763275,
          "cont_mse_per_dim": [
            0.00029808853287249804,
            0.7963835597038269,
            0.001160015701316297,
            0.0010140857193619013
          ]
        },
        "after_base_stats": {
          "shape_acc": 0.8698999881744385,
          "shape_ce": 0.3942582309246063,
          "cont_mse": 0.2309955507516861,
          "cont_mse_per_dim": [
            0.024235861375927925,
            0.8364889621734619,
            0.054810069501399994,
            0.008447373285889626
          ]
        }
      }
    },
    "scale": {
      "localized": {
        "G_target": 0.0001843315112637356,
        "leak": 0.0349776519384856,
        "LA_score": 0.0052423509926184135,
        "before_adapt_stats": {
          "shape_acc": 1.0,
          "shape_ce": 4.271585567039438e-06,
          "cont_mse": 0.16910810768604279,
          "cont_mse_per_dim": [
            0.0003439687716308981,
            0.6738319993019104,
            0.0011502420529723167,
            0.0011062654666602612
          ]
        },
        "after_adapt_stats": {
          "shape_acc": 1.0,
          "shape_ce": 2.10649141081376e-05,
          "cont_mse": 0.19369149208068848,
          "cont_mse_per_dim": [
            0.00015963726036716253,
            0.738517701625824,
            0.027378816157579422,
            0.00870987307280302
          ]
        },
        "before_base_stats": {
          "shape_acc": 1.0,
          "shape_ce": 1.5439625713042915e-05,
          "cont_mse": 0.20287732779979706,
          "cont_mse_per_dim": [
            0.0003022434830199927,
            0.8089903593063354,
            0.0011724754003807902,
            0.0010442060884088278
          ]
        },
        "after_base_stats": {
          "shape_acc": 1.0,
          "shape_ce": 7.743462629150599e-05,
          "cont_mse": 0.22908201813697815,
          "cont_mse_per_dim": [
            0.00018814648501574993,
            0.8820528984069824,
            0.025623111054301262,
            0.008463987149298191
          ]
        }
      },
      "unconstrained": {
        "G_target": 0.0001760032173478976,
        "leak": 0.042951556970365345,
        "LA_score": 0.004080990804300858,
        "before_adapt_stats": {
          "shape_acc": 1.0,
          "shape_ce": 4.271585567039438e-06,
          "cont_mse": 0.16910810768604279,
          "cont_mse_per_dim": [
            0.0003439687716308981,
            0.6738319993019104,
            0.0011502420529723167,
            0.0011062654666602612
          ]
        },
        "after_adapt_stats": {
          "shape_acc": 1.0,
          "shape_ce": 0.0001911852159537375,
          "cont_mse": 0.19863197207450867,
          "cont_mse_per_dim": [
            0.00016796555428300053,
            0.750365138053894,
            0.03291996940970421,
            0.011074868962168694
          ]
        },
        "before_base_stats": {
          "shape_acc": 1.0,
          "shape_ce": 1.5439625713042915e-05,
          "cont_mse": 0.20287732779979706,
          "cont_mse_per_dim": [
            0.0003022434830199927,
            0.8089903593063354,
            0.0011724754003807902,
            0.0010442060884088278
          ]
        },
        "after_base_stats": {
          "shape_acc": 1.0,
          "shape_ce": 0.0005375979235395789,
          "cont_mse": 0.23507797718048096,
          "cont_mse_per_dim": [
            0.00025019110762514174,
            0.8983691334724426,
            0.030909808352589607,
            0.01078276988118887
          ]
        }
      }
    },
    "rot": {
      "localized": {
        "G_target": 0.5496912598609924,
        "leak": 0.04902982937831742,
        "LA_score": 0.9181090503731852,
        "before_adapt_stats": {
          "shape_acc": 1.0,
          "shape_ce": 1.727888775349129e-05,
          "cont_mse": 0.20191162824630737,
          "cont_mse_per_dim": [
            0.0003030824300367385,
            0.8048108220100403,
            0.0013834050623700023,
            0.0011491893092170358
          ]
        },
        "after_adapt_stats": {
          "shape_acc": 0.9998999834060669,
          "shape_ce": 0.000865593901835382,
          "cont_mse": 0.09862169623374939,
          "cont_mse_per_dim": [
            0.01640624925494194,
            0.25511956214904785,
            0.06392430514097214,
            0.059036679565906525
          ]
        },
        "before_base_stats": {
          "shape_acc": 1.0,
          "shape_ce": 1.7455455235904083e-05,
          "cont_mse": 0.19667069613933563,
          "cont_mse_per_dim": [
            0.00030199994216673076,
            0.7841517329216003,
            0.0011583113810047507,
            0.001070761471055448
          ]
        },
        "after_base_stats": {
          "shape_acc": 0.9997999668121338,
          "shape_ce": 0.0007586943684145808,
          "cont_mse": 1.761012077331543,
          "cont_mse_per_dim": [
            0.018117761239409447,
            6.895028114318848,
            0.06823379546403885,
            0.06266890466213226
          ]
        }
      },
      "unconstrained": {
        "G_target": 0.5480760931968689,
        "leak": 0.050967994233360514,
        "LA_score": 0.914917775749728,
        "before_adapt_stats": {
          "shape_acc": 1.0,
          "shape_ce": 1.727888775349129e-05,
          "cont_mse": 0.20191162824630737,