{
  "interference_matrix": {
    "shape": {
      "shape": 0.6003228081597223,
      "scale": 0.0,
      "rot": 2.7126736110716365e-06,
      "pos_x": 0.0,
      "pos_y": 0.0007107204861110938
    },
    "scale": {
      "shape": 0.00043274800589221396,
      "scale": 2.510867631905322,
      "rot": 0.000305414523089631,
      "pos_x": 0.05559431407521054,
      "pos_y": 4.9723813767332814e-05
    },
    "rot": {
      "shape": -0.0002556503589578041,
      "scale": -0.0012509116470329484,
      "rot": 2.311569832993779,
      "pos_x": -0.00137735559867469,
      "pos_y": -0.0014717360533764712
    },
    "pos_x": {
      "shape": 0.009100064088228055,
      "scale": 0.00047035900327641045,
      "rot": 0.00339240778603056,
      "pos_x": 0.6651937706060781,
      "pos_y": 0.059552324999759376
    },
    "pos_y": {
      "shape": 0.0735571213337527,
      "scale": 0.0014011575153417555,
      "rot": 0.0014600515611764564,
      "pos_x": 0.09388668200589922,
      "pos_y": 0.5166811329410304
    }
  },
  "random_interference_baseline": {
    "shape": {
      "shape": {
        "mean": 0.198154296875,
        "std": 0.14381295802218308
      },
      "scale": {
        "mean": 0.09731174045138888,
        "std": 0.09635246237839741
      },
      "rot": {
        "mean": 0.029955919053819436,
        "std": 0.06238490159479696
      },
      "pos_x": {
        "mean": 0.14890570746527781,
        "std": 0.13299012574534722
      },
      "pos_y": {
        "mean": 0.03276340060763889,
        "std": 0.0803542285034952
      }
    },
    "scale": {
      "shape": {
        "mean": 1.1185554375550564,
        "std": 1.2150387289752118
      },
      "scale": {
        "mean": 0.12762159248064892,
        "std": 0.5467975292701973
      },
      "rot": {
        "mean": 0.002708779932996075,
        "std": 0.006875562589127886
      },
      "pos_x": {
        "mean": 0.630641921466548,
        "std": 1.0623483331058998
      },
      "pos_y": {
        "mean": 0.13579013238146279,
        "std": 0.545053607006325
      }
    },
    "rot": {
      "shape": {
        "mean": 0.6951034219064778,
        "std": 1.0629570283614442
      },
      "scale": {
        "mean": 0.11438921108580727,
        "std": 0.5040680226436459
      },
      "rot": {
        "mean": 0.5768252060091578,
        "std": 1.0015553199537535
      },
      "pos_x": {
        "mean": 0.810204484854315,
        "std": 1.105416606368931
      },
      "pos_y": {
        "mean": 0.11427142083065149,
        "std": 0.5040949597702706
      }
    },
    "pos_x": {
      "shape": {
        "mean": 0.26880878865194796,
        "std": 0.1851779069710257
      },
      "scale": {
        "mean": 0.013877247693878686,
        "std": 0.030272834268411902
      },
      "rot": {
        "mean": 0.05168086781487637,
        "std": 0.08895408577568906
      },
      "pos_x": {
        "mean": 0.14872629608023494,
        "std": 0.13544896556799438
      },
      "pos_y": {
        "mean": 0.05221031978682207,
        "std": 0.07411174132612301
      }
    },
    "pos_y": {
      "shape": {
        "mean": 0.3069379897183832,
        "std": 0.24275436333848063
      },
      "scale": {
        "mean": 0.04280888563564349,
        "std": 0.1099685159631866
      },
      "rot": {
        "mean": 0.049899985089270335,
        "std": 0.11089237642347813
      },
      "pos_x": {
        "mean": 0.22735064366721183,
        "std": 0.2431315688765018
      },
      "pos_y": {
        "mean": 0.04022505802800726,
        "std": 0.11169764206536478
      }
    }
  },
  "summary": {
    "self_effect_mean": 1.3209269046783447,
    "cross_effect_mean": 0.014778007753193378,
    "interference_ratio": 0.011187604392777424,
    "modularity_score": 0.9889361733231534
  },
  "baseline_perf": {
    "shape": 1.0,
    "scale": 0.9972931719924287,
    "rot": 0.7513855187310949,
    "pos_x": 0.7579588173099712,
    "pos_y": 0.7298956771460752
  }
}