{
  "baseline_multitask_test": {
    "shape_acc": 1.0,
    "shape_ce": 1.584859455761034e-05,
    "cont_mse": 0.19816742837429047,
    "cont_mse_per_dim": [
      0.00030064655584283173,
      0.7901401519775391,
      0.0011768349213525653,
      0.0010520318755879998
    ]
  },
  "factored_multitask_test": {
    "shape_acc": 1.0,
    "shape_ce": 1.0930063581326976e-05,
    "cont_mse": 0.19163767993450165,
    "cont_mse_per_dim": [
      0.00028643617406487465,
      0.7649968266487122,
      0.0005532887880690396,
      0.0007140896050259471
    ]
  },
  "recovery": {
    "shape_acc_ratio": 1.0,
    "cont_mse_ratio": 1.0340734058250995
  },
  "drop_expert_contribution_matrix": {
    "shape": {
      "shape": 0.5844997763633728,
      "scale": 0.0018581748008728027,
      "rot": 0.0014241337776184082,
      "pos_x": 0.0,
      "pos_y": 0.0017225146293640137
    },
    "scale": {
      "shape": 0.030691787600517273,
      "scale": 0.19768349081277847,
      "rot": 0.47119583934545517,
      "pos_x": 0.019495539367198944,
      "pos_y": 0.012109655886888504
    },
    "rot": {
      "shape": 0.030691787600517273,
      "scale": 0.19768349081277847,
      "rot": 0.47119583934545517,
      "pos_x": 0.019495539367198944,
      "pos_y": 0.012109655886888504
    },
    "pos_x": {
      "shape": 0.030691787600517273,
      "scale": 0.19768349081277847,
      "rot": 0.47119583934545517,
      "pos_x": 0.019495539367198944,
      "pos_y": 0.012109655886888504
    },
    "pos_y": {
      "shape": 0.030691787600517273,
      "scale": 0.19768349081277847,
      "rot": 0.47119583934545517,
      "pos_x": 0.019495539367198944,
      "pos_y": 0.012109655886888504
    }
  },
  "factor_contribution_scores": {
    "shape": {
      "self_contribution": 0.5844997763633728,
      "leakage_mean": 0.030691787600517273
    },
    "scale": {
      "self_contribution": 0.19768349081277847,
      "leakage_mean": 0.14872716180980206
    },
    "rot": {
      "self_contribution": 0.47119583934545517,
      "leakage_mean": 0.353752912953496
    },
    "pos_x": {
      "self_contribution": 0.019495539367198944,
      "leakage_mean": 0.014621654525399208
    },
    "pos_y": {
      "self_contribution": 0.012109655886888504,
      "leakage_mean": 0.009512870572507381
    }
  }
}