{
  "nmi_matrix_assignment": [
    [
      0.47757285833358765,
      0.035214614123106,
      0.011622325517237186,
      0.004190165549516678,
      0.040227893739938736
    ],
    [
      0.11063462495803833,
      0.05297861248254776,
      0.0025210261810570955,
      0.008836067281663418,
      0.08092150092124939
    ],
    [
      0.051268670707941055,
      0.05246559903025627,
      0.006307234056293964,
      0.022922275587916374,
      0.20399583876132965
    ],
    [
      0.16851434111595154,
      0.035457052290439606,
      0.005832826253026724,
      0.0038408369291573763,
      0.05341871827840805
    ],
    [
      0.003568543354049325,
      0.018248848617076874,
      0.04007824882864952,
      0.19037768244743347,
      0.014256473630666733
    ],
    [
      0.007840072736144066,
      0.04325001686811447,
      0.009534839540719986,
      0.18707416951656342,
      0.03202413395047188
    ],
    [
      0.006476179696619511,
      0.02177177555859089,
      0.014708839356899261,
      0.16220569610595703,
      0.009831328876316547
    ],
    [
      0.0011238066945225,
      0.6319882869720459,
      0.001460129045881331,
      0.028628112748265266,
      0.000918041740078479
    ],
    [
      0.004156711045652628,
      0.0014351498102769256,
      0.4031261205673218,
      0.00016162989777512848,
      0.0001835962466429919
    ],
    [
      0.10098379105329514,
      0.0014351927675306797,
      0.08927391469478607,
      0.0022121407091617584,
      0.0008184337057173252
    ]
  ],
  "subspaces": {
    "shape": [
      0,
      1,
      3,
      9
    ],
    "scale": [
      7
    ],
    "rot": [
      8
    ],
    "pos_x": [
      4,
      5,
      6
    ],
    "pos_y": [
      2
    ]
  },
  "junk_dims_assignment": []
}